{
  "info": {
    "name": "School Management API",
    "_postman_id": "12345678-90ab-cdef-1234-567890abcdef",
    "description": "Postman collection for School Management API",
    "schema": "https://schema.getpostman.com/json/collection/v2.1.0/collection.json"
  },
  "item": [
    {
      "name": "Add School",
      "request": {
        "method": "POST",
        "header": [
          {
            "key": "Content-Type",
            "value": "application/json"
          }
        ],
        "body": {
          "mode": "raw",
          "raw": "{\n    \"name\": \"Delhi Public School\",\n    \"address\": \"RK Puram, New Delhi\",\n    \"latitude\": 28.5672,\n    \"longitude\": 77.21\n}"
        },
        "url": {
          "raw": "http://localhost:4000/api/addSchool",
          "protocol": "http",
          "host": [
            "localhost"
          ],
          "port": "4000",
          "path": [
            "api",
            "addSchool"
          ]
        }
      },
      "response": []
    },
    {
      "name": "List Schools",
      "request": {
        "method": "GET",
        "header": [],
        "url": {
          "raw": "http://localhost:4000/api/listSchools?latitude=28.6139&longitude=77.2090",
          "protocol": "http",
          "host": [
            "localhost"
          ],
          "port": "4000",
          "path": [
            "api",
            "listSchools"
          ],
          "query": [
            {
              "key": "latitude",
              "value": "28.6139"
            },
            {
              "key": "longitude",
              "value": "77.2090"
            }
          ]
        }
      },
      "response": []
    }
  ]
}